plot_id,owner_name,title_deed_number,ownership_years,disputes_reported,registrar_name,valuation_mismatch,multiple_owners_flag,succession_issues_flag,fraudulent
PLOT-1,John Doe,TD1234,5,0,Registrar A,0,0,0,0
PLOT-2,Mary Wanjiku,TD5678,1,3,Registrar B,1,1,1,1
PLOT-3,Peter Otieno,TD9101,15,0,Registrar A,0,0,0,0
PLOT-4,Grace Mwangi,TD1121,2,2,Registrar D,1,0,1,1
PLOT-5,Ali Hassan,TD3141,20,0,Registrar C,0,0,0,0
PLOT-6,Lucy Kamau,TD5161,8,1,Registrar B,0,1,0,0
PLOT-7,James Oduor,TD7181,3,4,Registrar D,1,1,1,1
PLOT-8,Anne Chebet,TD9202,25,0,Registrar A,0,0,0,0
PLOT-9,David Kiptoo,TD1222,7,3,Registrar C,1,0,0,1
PLOT-10,Mercy Atieno,TD3242,12,1,Registrar B,0,0,0,0
